Page,Link
Page 1,https://books.toscrape.com/
Page 2,https://books.toscrape.com/catalogue/page-2.html
Page 3,https://books.toscrape.com/catalogue/page-3.html
Page 4,https://books.toscrape.com/catalogue/page-4.html
Page 5,https://books.toscrape.com/catalogue/page-5.html
Page 6,https://books.toscrape.com/catalogue/page-6.html
Page 7,https://books.toscrape.com/catalogue/page-7.html
Page 8,https://books.toscrape.com/catalogue/page-8.html
Page 9,https://books.toscrape.com/catalogue/page-9.html
Page 10,https://books.toscrape.com/catalogue/page-10.html
Page 11,https://books.toscrape.com/catalogue/page-11.html
Page 12,https://books.toscrape.com/catalogue/page-12.html
Page 13,https://books.toscrape.com/catalogue/page-13.html
Page 14,https://books.toscrape.com/catalogue/page-14.html
Page 15,https://books.toscrape.com/catalogue/page-15.html
Page 16,https://books.toscrape.com/catalogue/page-16.html
Page 17,https://books.toscrape.com/catalogue/page-17.html
Page 18,https://books.toscrape.com/catalogue/page-18.html
Page 19,https://books.toscrape.com/catalogue/page-19.html
Page 20,https://books.toscrape.com/catalogue/page-20.html
Page 21,https://books.toscrape.com/catalogue/page-21.html
Page 22,https://books.toscrape.com/catalogue/page-22.html
Page 23,https://books.toscrape.com/catalogue/page-23.html
Page 24,https://books.toscrape.com/catalogue/page-24.html
Page 25,https://books.toscrape.com/catalogue/page-25.html
Page 26,https://books.toscrape.com/catalogue/page-26.html
Page 27,https://books.toscrape.com/catalogue/page-27.html
Page 28,https://books.toscrape.com/catalogue/page-28.html
Page 29,https://books.toscrape.com/catalogue/page-29.html
Page 30,https://books.toscrape.com/catalogue/page-30.html
Page 31,https://books.toscrape.com/catalogue/page-31.html
Page 32,https://books.toscrape.com/catalogue/page-32.html
Page 33,https://books.toscrape.com/catalogue/page-33.html
Page 34,https://books.toscrape.com/catalogue/page-34.html
Page 35,https://books.toscrape.com/catalogue/page-35.html
Page 36,https://books.toscrape.com/catalogue/page-36.html
Page 37,https://books.toscrape.com/catalogue/page-37.html
Page 38,https://books.toscrape.com/catalogue/page-38.html
Page 39,https://books.toscrape.com/catalogue/page-39.html
Page 40,https://books.toscrape.com/catalogue/page-40.html
Page 41,https://books.toscrape.com/catalogue/page-41.html
Page 42,https://books.toscrape.com/catalogue/page-42.html
Page 43,https://books.toscrape.com/catalogue/page-43.html
Page 44,https://books.toscrape.com/catalogue/page-44.html
Page 45,https://books.toscrape.com/catalogue/page-45.html
Page 46,https://books.toscrape.com/catalogue/page-46.html
Page 47,https://books.toscrape.com/catalogue/page-47.html
Page 48,https://books.toscrape.com/catalogue/page-48.html
Page 49,https://books.toscrape.com/catalogue/page-49.html
Page 50,https://books.toscrape.com/catalogue/page-50.html
